CREATE DATABASE  IF NOT EXISTS `ipari` /*!40100 DEFAULT CHARACTER SET utf8 COLLATE utf8_hungarian_ci */ /*!80016 DEFAULT ENCRYPTION='N' */;
USE `ipari`;
-- MySQL dump 10.13  Distrib 8.0.20, for Win64 (x86_64)
--
-- Host: 127.0.0.1    Database: ipari
-- ------------------------------------------------------
-- Server version	8.0.20

/*!40101 SET @OLD_CHARACTER_SET_CLIENT=@@CHARACTER_SET_CLIENT */;
/*!40101 SET @OLD_CHARACTER_SET_RESULTS=@@CHARACTER_SET_RESULTS */;
/*!40101 SET @OLD_COLLATION_CONNECTION=@@COLLATION_CONNECTION */;
/*!50503 SET NAMES utf8 */;
/*!40103 SET @OLD_TIME_ZONE=@@TIME_ZONE */;
/*!40103 SET TIME_ZONE='+00:00' */;
/*!40014 SET @OLD_UNIQUE_CHECKS=@@UNIQUE_CHECKS, UNIQUE_CHECKS=0 */;
/*!40014 SET @OLD_FOREIGN_KEY_CHECKS=@@FOREIGN_KEY_CHECKS, FOREIGN_KEY_CHECKS=0 */;
/*!40101 SET @OLD_SQL_MODE=@@SQL_MODE, SQL_MODE='NO_AUTO_VALUE_ON_ZERO' */;
/*!40111 SET @OLD_SQL_NOTES=@@SQL_NOTES, SQL_NOTES=0 */;

--
-- Table structure for table `adjacency`
--

DROP TABLE IF EXISTS `adjacency`;
/*!40101 SET @saved_cs_client     = @@character_set_client */;
/*!50503 SET character_set_client = utf8mb4 */;
CREATE TABLE `adjacency` (
  `ID` int NOT NULL AUTO_INCREMENT,
  `NODE_ID` int NOT NULL,
  `NEIGHBOUR_NODE_ID` int NOT NULL,
  PRIMARY KEY (`ID`)
) ENGINE=InnoDB AUTO_INCREMENT=761 DEFAULT CHARSET=utf8 COLLATE=utf8_hungarian_ci;
/*!40101 SET character_set_client = @saved_cs_client */;

--
-- Dumping data for table `adjacency`
--

LOCK TABLES `adjacency` WRITE;
/*!40000 ALTER TABLE `adjacency` DISABLE KEYS */;
INSERT INTO `adjacency` VALUES (3,3,2),(4,2,3),(5,4,2),(6,2,4),(7,5,4),(8,4,5),(9,6,5),(10,5,6),(13,8,7),(14,7,8),(15,9,7),(16,7,9),(17,10,8),(18,8,10),(19,11,8),(20,8,11),(21,12,11),(22,11,12),(23,13,12),(24,12,13),(25,14,13),(26,13,14),(27,15,14),(28,14,15),(29,16,15),(30,15,16),(31,17,15),(32,15,17),(33,18,14),(34,14,18),(35,19,13),(36,13,19),(37,20,12),(38,12,20),(39,21,11),(40,11,21),(41,22,1),(42,1,22),(43,22,2),(44,2,22),(45,23,22),(46,22,23),(47,24,23),(48,23,24),(49,25,15),(50,15,25),(51,26,4),(52,4,26),(53,27,26),(54,26,27),(55,28,26),(56,26,28),(57,29,28),(58,28,29),(59,30,29),(60,29,30),(61,31,28),(62,28,31),(63,32,31),(64,31,32),(65,33,32),(66,32,33),(67,34,32),(68,32,34),(69,35,31),(70,31,35),(71,36,35),(72,35,36),(73,37,35),(74,35,37),(75,38,37),(76,37,38),(77,39,37),(78,37,39),(79,40,39),(80,39,40),(81,41,40),(82,40,41),(83,42,41),(84,41,42),(85,43,42),(86,42,43),(89,45,44),(90,44,45),(91,43,44),(92,44,43),(93,46,45),(94,45,46),(95,47,46),(96,46,47),(97,48,46),(98,46,48),(99,49,45),(100,45,49),(101,50,44),(102,44,50),(103,51,43),(104,43,51),(105,52,42),(106,42,52),(107,53,41),(108,41,53),(109,54,40),(110,40,54),(111,55,39),(112,39,55),(113,56,41),(114,41,56),(115,57,44),(116,44,57),(117,58,57),(118,57,58),(119,59,57),(120,57,59),(121,60,7),(122,7,60),(123,60,5),(124,5,60),(125,61,60),(126,60,61),(127,62,30),(128,30,62),(131,64,62),(132,62,64),(133,65,63),(134,63,65),(135,65,64),(136,64,65),(137,66,65),(138,65,66),(139,67,66),(140,66,67),(141,68,67),(142,67,68),(145,70,69),(146,69,70),(155,74,71),(156,71,74),(157,75,74),(158,74,75),(159,76,75),(160,75,76),(161,77,76),(162,76,77),(163,78,77),(164,77,78),(165,79,76),(166,76,79),(171,82,80),(172,80,82),(173,82,81),(174,81,82),(175,83,82),(176,82,83),(177,84,80),(178,80,84),(179,84,77),(180,77,84),(181,85,84),(182,84,85),(183,86,85),(184,85,86),(187,88,72),(188,72,88),(189,89,88),(190,88,89),(191,90,89),(192,89,90),(193,91,90),(194,90,91),(195,92,91),(196,91,92),(199,93,87),(200,87,93),(201,93,92),(202,92,93),(203,94,93),(204,93,94),(205,95,94),(206,94,95),(207,96,94),(208,94,96),(209,97,96),(210,96,97),(213,99,97),(214,97,99),(215,99,98),(216,98,99),(221,102,101),(222,101,102),(223,103,102),(224,102,103),(225,104,103),(226,103,104),(227,105,104),(228,104,105),(229,106,105),(230,105,106),(231,107,106),(232,106,107),(235,109,108),(236,108,109),(239,111,110),(240,110,111),(241,111,109),(242,109,111),(243,112,111),(244,111,112),(245,114,109),(246,109,114),(247,114,113),(248,113,114),(249,116,114),(250,114,116),(251,116,105),(252,105,116),(253,116,115),(254,115,116),(255,117,104),(256,104,117),(257,118,103),(258,103,118),(259,119,101),(260,101,119),(261,121,101),(262,101,121),(263,121,100),(264,100,121),(265,121,120),(266,120,121),(267,122,91),(268,91,122),(269,123,90),(270,90,123),(271,124,89),(272,89,124),(273,125,88),(274,88,125),(275,126,72),(276,72,126),(277,127,73),(278,73,127),(279,128,74),(280,74,128),(281,129,70),(282,70,129),(283,130,69),(284,69,130),(285,131,68),(286,68,131),(287,132,65),(288,65,132),(289,134,100),(290,100,134),(291,134,92),(292,92,134),(293,134,133),(294,133,134),(295,135,70),(296,70,135),(299,136,135),(300,135,136),(301,137,68),(302,68,137),(303,137,69),(304,69,137),(305,138,137),(306,137,138),(309,140,139),(310,139,140),(311,141,140),(312,140,141),(313,142,141),(314,141,142),(315,143,142),(316,142,143),(317,144,143),(318,143,144),(319,145,144),(320,144,145),(321,146,145),(322,145,146),(323,147,146),(324,146,147),(325,148,147),(326,147,148),(327,149,148),(328,148,149),(329,150,149),(330,149,150),(331,151,150),(332,150,151),(335,152,149),(336,149,152),(337,153,152),(338,152,153),(339,154,149),(340,149,154),(341,155,152),(342,152,155),(343,156,150),(344,150,156),(345,157,148),(346,148,157),(347,158,147),(348,147,158),(351,160,146),(352,146,160),(353,161,160),(354,160,161),(355,162,160),(356,160,162),(357,163,162),(358,162,163),(359,164,162),(360,162,164),(361,159,145),(362,145,159),(363,165,144),(364,144,165),(365,166,143),(366,143,166),(367,167,142),(368,142,167),(369,168,141),(370,141,168),(371,169,140),(372,140,169),(373,170,139),(374,139,170),(375,171,139),(376,139,171),(377,172,139),(378,139,172),(379,172,64),(380,64,172),(381,173,172),(382,172,173),(383,175,174),(384,174,175),(385,174,63),(386,63,174),(387,176,175),(388,175,176),(389,177,176),(390,176,177),(391,178,176),(392,176,178),(393,179,178),(394,178,179),(395,180,178),(396,178,180),(397,181,180),(398,180,181),(399,182,180),(400,180,182),(401,183,182),(402,182,183),(403,184,182),(404,182,184),(405,185,184),(406,184,185),(407,186,184),(408,184,186),(409,187,186),(410,186,187),(411,188,186),(412,186,188),(413,190,188),(414,188,190),(415,191,190),(416,190,191),(417,192,191),(418,191,192),(419,193,191),(420,191,193),(421,194,193),(422,193,194),(423,195,193),(424,193,195),(425,196,195),(426,195,196),(427,197,195),(428,195,197),(429,198,197),(430,197,198),(431,199,198),(432,198,199),(433,200,197),(434,197,200),(435,201,198),(436,198,201),(437,202,190),(438,190,202),(439,203,202),(440,202,203),(441,204,202),(442,202,204),(443,205,204),(444,204,205),(445,206,204),(446,204,206),(447,207,206),(448,206,207),(449,208,206),(450,206,208),(451,209,208),(452,208,209),(453,210,208),(454,208,210),(455,211,210),(456,210,211),(457,212,210),(458,210,212),(459,213,212),(460,212,213),(461,214,212),(462,212,214),(463,215,214),(464,214,215),(465,189,188),(466,188,189),(467,216,163),(468,163,216),(469,217,78),(470,78,217),(471,218,63),(472,63,218),(473,219,87),(474,87,219),(477,223,201),(478,201,223),(485,228,222),(486,222,228),(487,229,221),(488,221,229),(489,230,216),(490,216,230),(491,231,230),(492,230,231),(493,232,230),(494,230,232),(495,233,232),(496,232,233),(497,234,233),(498,233,234),(499,235,233),(500,233,235),(501,236,235),(502,235,236),(503,237,235),(504,235,237),(505,238,230),(506,230,238),(507,239,238),(508,238,239),(509,240,239),(510,239,240),(511,241,240),(512,240,241),(513,242,240),(514,240,242),(515,243,239),(516,239,243),(517,244,239),(518,239,244),(519,245,244),(520,244,245),(521,246,244),(522,244,246),(523,247,246),(524,246,247),(525,248,246),(526,246,248),(527,249,248),(528,248,249),(529,249,218),(530,218,249),(531,250,248),(532,248,250),(533,251,250),(534,250,251),(535,252,251),(536,251,252),(537,253,252),(538,252,253),(539,254,252),(540,252,254),(541,255,254),(542,254,255),(543,256,255),(544,255,256),(545,257,254),(546,254,257),(547,258,255),(548,255,258),(549,259,258),(550,258,259),(551,260,258),(552,258,260),(553,261,260),(554,260,261),(555,262,260),(556,260,262),(557,263,262),(558,262,263),(559,264,262),(560,262,264),(561,265,264),(562,264,265),(563,266,264),(564,264,266),(565,267,266),(566,266,267),(567,268,266),(568,266,268),(569,269,268),(570,268,269),(571,270,268),(572,268,270),(573,271,270),(574,270,271),(575,272,271),(576,271,272),(577,273,271),(578,271,273),(579,274,273),(580,273,274),(581,275,273),(582,273,275),(583,276,275),(584,275,276),(585,277,275),(586,275,277),(587,277,219),(588,219,277),(589,278,277),(590,277,278),(591,279,249),(592,249,279),(593,280,279),(594,279,280),(595,281,280),(596,280,281),(597,282,281),(598,281,282),(599,283,281),(600,281,283),(601,284,283),(602,283,284),(603,285,283),(604,283,285),(605,286,285),(606,285,286),(607,287,285),(608,285,287),(609,288,287),(610,287,288),(611,289,287),(612,287,289),(613,290,289),(614,289,290),(615,291,289),(616,289,291),(621,293,292),(622,292,293),(623,294,291),(624,291,294),(625,294,293),(626,293,294),(627,295,294),(628,294,295),(629,296,295),(630,295,296),(631,297,296),(632,296,297),(633,297,223),(634,223,297),(635,298,296),(636,296,298),(637,299,295),(638,295,299),(639,300,291),(640,291,300),(641,301,300),(642,300,301),(643,302,300),(644,300,302),(645,303,302),(646,302,303),(647,304,302),(648,302,304),(649,305,304),(650,304,305),(651,306,304),(652,304,306),(653,307,306),(654,306,307),(655,308,306),(656,306,308),(657,309,308),(658,308,309),(659,310,308),(660,308,310),(661,311,310),(662,310,311),(663,312,310),(664,310,312),(665,313,312),(666,312,313),(667,314,312),(668,312,314),(669,315,314),(670,314,315),(671,316,217),(672,217,316),(673,317,316),(674,316,317),(675,318,317),(676,317,318),(677,319,318),(678,318,319),(679,319,222),(680,222,319),(681,320,318),(682,318,320),(683,321,317),(684,317,321),(685,322,321),(686,321,322),(687,323,321),(688,321,323),(689,324,323),(690,323,324),(691,325,323),(692,323,325),(693,326,319),(694,319,326),(695,327,220),(696,220,327),(697,328,327),(698,327,328),(699,329,327),(700,327,329),(701,329,221),(702,221,329),(703,330,329),(704,329,330),(707,107,220),(708,220,107),(709,331,229),(710,229,331),(715,334,331),(716,331,334),(717,335,334),(718,334,335),(719,336,335),(720,335,336),(721,337,335),(722,335,337),(723,338,334),(724,334,338),(725,333,331),(726,331,333),(727,339,228),(728,228,339),(729,340,339),(730,339,340),(731,341,340),(732,340,341),(733,342,341),(734,341,342),(735,343,342),(736,342,343),(737,344,342),(738,342,344),(739,345,341),(740,341,345),(741,346,340),(742,340,346),(743,347,346),(744,346,347),(745,348,347),(746,347,348),(747,349,348),(748,348,349),(749,350,348),(750,348,350),(751,352,346),(752,346,352),(753,71,72),(754,72,71),(755,353,73),(756,73,353),(757,353,135),(758,135,353),(759,353,71),(760,71,353);
/*!40000 ALTER TABLE `adjacency` ENABLE KEYS */;
UNLOCK TABLES;

--
-- Table structure for table `admins`
--

DROP TABLE IF EXISTS `admins`;
/*!40101 SET @saved_cs_client     = @@character_set_client */;
/*!50503 SET character_set_client = utf8mb4 */;
CREATE TABLE `admins` (
  `ID` int NOT NULL AUTO_INCREMENT,
  `USERNAME` varchar(100) CHARACTER SET utf8 COLLATE utf8_hungarian_ci NOT NULL,
  `PASSWORD` varchar(65) CHARACTER SET utf8 COLLATE utf8_hungarian_ci NOT NULL,
  PRIMARY KEY (`ID`)
) ENGINE=InnoDB AUTO_INCREMENT=2 DEFAULT CHARSET=utf8 COLLATE=utf8_hungarian_ci;
/*!40101 SET character_set_client = @saved_cs_client */;

--
-- Dumping data for table `admins`
--

LOCK TABLES `admins` WRITE;
/*!40000 ALTER TABLE `admins` DISABLE KEYS */;
INSERT INTO `admins` VALUES (1,'admin','248b646537648c1fbdeb42b56771dbdb42129e8bab527ff551a1f49ce499464f');
/*!40000 ALTER TABLE `admins` ENABLE KEYS */;
UNLOCK TABLES;

--
-- Table structure for table `aliases`
--

DROP TABLE IF EXISTS `aliases`;
/*!40101 SET @saved_cs_client     = @@character_set_client */;
/*!50503 SET character_set_client = utf8mb4 */;
CREATE TABLE `aliases` (
  `ID` int NOT NULL AUTO_INCREMENT,
  `ROOM_ID` int NOT NULL,
  `ALIAS` varchar(45) CHARACTER SET utf8 COLLATE utf8_hungarian_ci NOT NULL,
  PRIMARY KEY (`ID`)
) ENGINE=InnoDB AUTO_INCREMENT=23 DEFAULT CHARSET=utf8 COLLATE=utf8_hungarian_ci;
/*!40101 SET character_set_client = @saved_cs_client */;

--
-- Dumping data for table `aliases`
--

LOCK TABLES `aliases` WRITE;
/*!40000 ALTER TABLE `aliases` DISABLE KEYS */;
INSERT INTO `aliases` VALUES (1,24,'Tesitanári'),(2,41,'Cisco labor'),(3,42,'H007'),(4,45,'F109'),(5,45,'Bíró-terem'),(6,48,'F111'),(7,50,'F105'),(8,50,'Testnevelő tanári szoba'),(9,51,'Matematika tanári szoba'),(10,51,'F103'),(11,72,'I205'),(12,79,'Pénztár'),(13,84,'F206'),(14,92,'F223'),(15,93,'F222'),(16,90,'F224'),(17,91,'F224'),(18,94,'F221'),(19,101,'L112'),(20,104,'Analitikai labor'),(21,108,'Analitikai labor'),(22,109,'Medencés labor');
/*!40000 ALTER TABLE `aliases` ENABLE KEYS */;
UNLOCK TABLES;

--
-- Table structure for table `classrooms`
--

DROP TABLE IF EXISTS `classrooms`;
/*!40101 SET @saved_cs_client     = @@character_set_client */;
/*!50503 SET character_set_client = utf8mb4 */;
CREATE TABLE `classrooms` (
  `ID` int NOT NULL AUTO_INCREMENT,
  `NAME` varchar(45) CHARACTER SET utf8 COLLATE utf8_hungarian_ci NOT NULL,
  `NODE_ID` int NOT NULL,
  PRIMARY KEY (`ID`)
) ENGINE=InnoDB AUTO_INCREMENT=120 DEFAULT CHARSET=utf8 COLLATE=utf8_hungarian_ci;
/*!40101 SET character_set_client = @saved_cs_client */;

--
-- Dumping data for table `classrooms`
--

LOCK TABLES `classrooms` WRITE;
/*!40000 ALTER TABLE `classrooms` DISABLE KEYS */;
INSERT INTO `classrooms` VALUES (1,'F003',16),(2,'F024',36),(3,'Bejárat',1),(4,'F004',18),(5,'F005',19),(6,'F006',20),(7,'F007',21),(8,'F008',10),(9,'F009',61),(10,'F010',6),(11,'Büfé',3),(12,'Porta',24),(13,'Társalgó',27),(14,'F023',38),(15,'F022',55),(16,'F021',54),(17,'F020',53),(18,'F019',52),(19,'F018',51),(20,'F017',50),(21,'F016',49),(22,'F015',48),(23,'F014',47),(24,'F012',56),(25,'F002',17),(26,'F119',132),(27,'F120',131),(28,'F121',129),(29,'F134',130),(30,'F122',136),(31,'F123',126),(32,'F124',125),(33,'F125',124),(34,'F126',123),(35,'F. Öltöző',122),(36,'F128',95),(37,'H001',133),(38,'H011',120),(39,'H010',118),(40,'H009',115),(41,'H008',113),(42,'Rendszergazda',110),(43,'Karbantartó műhely',81),(44,'F135',138),(45,'Testnevelés terem',154),(46,'Labor2',215),(47,'F110',151),(48,'Konditerem',156),(49,'F112',157),(50,'Tesitanári',158),(51,'Matektanári',164),(52,'F104',161),(53,'F113',159),(54,'F114',165),(55,'F115',166),(56,'F116',168),(57,'F117',169),(58,'F118',170),(59,'Orvosi rendelő',179),(60,'L001',177),(61,'L015',185),(62,'L014',187),(63,'L013',189),(64,'L009',203),(65,'Előkészítő',207),(66,'Labor1',209),(67,'Tanári pihenő',211),(68,'Raktár',213),(69,'Bejárat sportpálya felől',167),(71,'Bejárat tanáriparkoló felől',86),(72,'Infótanári',343),(73,'I204',352),(74,'I203',351),(75,'I202',350),(77,'H203',336),(78,'H204',333),(79,'Gazdasági iroda',237),(80,'F203',236),(81,'F204',234),(82,'F201',231),(83,'F209',243),(84,'Könyvtár előtér',240),(85,'F208',242),(86,'Könyvtár',241),(87,'F210',245),(88,'F211',247),(89,'Tanári',253),(90,'Igazgatói iroda',256),(91,'Titkárság',256),(92,'Igazgató igazgatóhelyettes 1',256),(93,'Igazgató igazgatóhelyettes 2',263),(94,'Igazgató igazgatóhelyettes 3',265),(95,'F220',267),(96,'F219',269),(97,'F217',272),(98,'L116',284),(99,'L115',288),(100,'L114',290),(101,'Vegyi raktár',299),(102,'L110',301),(103,'L109',303),(104,'L108',305),(105,'L107',307),(106,'L106',309),(107,'L105',311),(108,'L104',315),(109,'L103',313),(110,'I102',320),(111,'I101',326),(112,'H102',330),(113,'H101',328),(114,'Bejárat laborszárny felől',199),(119,'Térképtár',127);
/*!40000 ALTER TABLE `classrooms` ENABLE KEYS */;
UNLOCK TABLES;

--
-- Table structure for table `nodes`
--

DROP TABLE IF EXISTS `nodes`;
/*!40101 SET @saved_cs_client     = @@character_set_client */;
/*!50503 SET character_set_client = utf8mb4 */;
CREATE TABLE `nodes` (
  `ID` int NOT NULL AUTO_INCREMENT,
  `POS_X` double NOT NULL,
  `POS_Y` double NOT NULL,
  `FLOOR` int NOT NULL,
  `IS_STAIR` tinyint DEFAULT NULL,
  PRIMARY KEY (`ID`)
) ENGINE=InnoDB AUTO_INCREMENT=354 DEFAULT CHARSET=utf8 COLLATE=utf8_hungarian_ci;
/*!40101 SET character_set_client = @saved_cs_client */;

--
-- Dumping data for table `nodes`
--

LOCK TABLES `nodes` WRITE;
/*!40000 ALTER TABLE `nodes` DISABLE KEYS */;
INSERT INTO `nodes` VALUES (1,28.53456588483,-24.50940640943,1,0),(2,46.062718242777,-24.50940640943,1,0),(3,46.062718242777,-37.694000333082,1,0),(4,46.060676616767,-16.212578576795,1,0),(5,91.73559398019,-16.202262338444,1,0),(6,91.75259839169,-13.210691613838,1,0),(7,134.31262745552,-16.211858070802,1,0),(8,142.95222161046,-16.211858070802,1,0),(9,134.31262745552,-19.405641692059,1,0),(10,142.95222161046,-12.731452842509,1,0),(11,152.94303191285,-16.211858070802,1,0),(12,163.83465298022,-16.211858070802,1,0),(13,184.02100330431,-16.211858070802,1,0),(14,204.9853265618,-16.211858070802,1,0),(15,221.85505543305,-16.211858070802,1,0),(16,221.85505543305,-13.140912281132,1,0),(17,224.47559584024,-16.211858070802,1,0),(18,204.95322766398,-12.892968144614,1,0),(19,183.9889044065,-12.892968144614,1,0),(20,163.8025540824,-12.892968144614,1,0),(21,152.91093301503,-12.770130313027,1,0),(22,35.441420271848,-24.522677444733,1,0),(23,35.457718782449,-31.101703371256,1,0),(24,29.725286641731,-31.101703371256,1,0),(25,221.82797093003,-19.420379312935,1,0),(26,46.073379053241,2.7744099402446,1,0),(27,62.869847595524,2.7744099402446,1,0),(28,46.031282640854,10.478053407006,1,0),(29,48.851742270761,10.435956994619,1,0),(30,48.851742270761,19.486685657754,1,1),(31,30.534173511837,10.463572763501,1,0),(32,30.534173511837,19.062220974578,1,0),(33,26.849038564233,19.062220974578,1,0),(34,30.534173511837,22.378842427422,1,0),(35,16.055151576232,10.483822921692,1,0),(36,16.067992485954,5.6525218983286,1,0),(37,-16.361195052964,10.484143274077,1,0),(38,-16.402140996827,5.4068462351549,1,0),(39,-35.03254545416,10.484143274077,1,0),(40,-72.03255002362,10.470123665773,1,0),(41,-118.8123123367,10.481263958961,1,0),(42,-132.73393324987,10.481263958961,1,0),(43,-143.80289660685,10.468161069556,1,0),(44,-153.43518771672,10.468161069556,1,0),(45,-166.86414831514,10.468161069556,1,0),(46,-197.58904769479,10.468161069556,1,0),(47,-200.75293893526,10.468161069556,1,0),(48,-197.58904769479,5.2653176963432,1,0),(49,-166.86414831514,5.3356263905758,1,0),(50,-153.43518771672,5.4059350848084,1,0),(51,-143.80289660685,5.4059350848084,1,0),(52,-132.6941229181,5.2653176963433,1,0),(53,-118.84331015428,5.3356263905759,1,0),(54,-72.088028489601,5.4762437790411,1,0),(55,-34.99573984886,5.4010778851229,1,0),(56,-118.79833537153,15.831396606882,1,0),(57,-153.41523860357,20.59519062964,1,0),(58,-149.78568125289,20.59519062964,1,0),(59,-153.41523860357,25.812679321231,1,1),(60,130.85270159769,-16.205859479377,1,0),(61,130.87991631252,-12.803748997876,1,0),(62,-17.32065933146,-69.027132098187,2,1),(63,1.4975651721916,-69.015548904695,2,1),(64,-17.32686695108,-83.519619557052,2,0),(65,1.4975651721915,-83.519619557052,2,0),(66,5.5093293951839,-83.519619557052,2,0),(67,5.5710488447684,-85.55636139334,2,0),(68,12.113310500725,-85.55636139334,2,0),(69,53.562395664553,-85.55636139334,2,0),(70,59.321317917663,-85.55636139334,2,0),(71,125.1700473644,-85.55636139334,2,0),(72,170.86254892526,-85.55636139334,2,0),(73,121.18891896482,-92.290897563638,2,0),(74,125.17508703942,-79.819075658589,2,0),(75,125.23078884267,-37.597108795082,2,0),(76,121.49876802492,-37.597108795082,2,0),(77,121.49876802492,-32.082630273331,2,0),(78,125.06368343292,-32.082630273331,2,1),(79,108.18603704816,-37.597108795082,2,0),(80,107.01629917991,-32.082630273331,2,0),(81,107.01629917991,-20.663760607079,2,0),(82,107.01629917991,-22.89183273708,2,0),(83,103.72765643039,-22.870911738573,2,0),(84,117.30079333734,-32.070482308837,2,0),(85,117.2505224599,-24.831475958466,2,0),(86,133.58968126316,-24.831475958466,2,0),(87,268.69413830107,-85.536288367641,2,1),(88,178.61306180407,-85.536288367641,2,0),(89,206.94765495676,-85.536288367641,2,0),(90,241.42413968879,-85.536288367641,2,0),(91,248.794409584,-85.536288367641,2,0),(92,253.05278774568,-85.536288367641,2,0),(93,265.3091223769,-85.52290437491,2,0),(94,265.33657090436,-90.449801631114,2,0),(95,263.53494937442,-90.449801631113,2,0),(96,265.33657090436,-94.421558185754,2,0),(97,268.28467886244,-94.421558185754,2,0),(98,268.3256248063,-102.32412535117,2,0),(99,268.3256248063,-98.516152571981,2,0),(100,253.04126414661,-31.319335649974,2,0),(101,266.71720939661,-31.319335649974,2,0),(102,270.89369567056,-31.319335649974,2,0),(103,270.89369567056,12.001472956309,2,0),(104,270.91629182966,101.69669804014,2,0),(105,222.6819699599,101.69669804014,2,0),(106,222.6819699599,95.309130797624,2,0),(107,226.03953735661,95.309130797624,2,1),(108,185.87156642772,101.69669804014,2,0),(109,189.92521487009,101.69669804014,2,0),(110,189.92521487009,92.115347176367,2,0),(111,189.92521487009,95.391022685349,2,0),(112,185.78967454,95.391022685349,2,0),(113,205.3208897623,92.279130951816,2,0),(114,205.36183570616,101.69669804014,2,0),(115,216.62197026829,92.238185007954,2,0),(116,216.62197026829,101.69669804014,2,0),(117,270.9427381234,104.65839925284,2,0),(118,266.37648958066,12.022425657851,2,0),(119,266.70584681516,-36.476387211546,2,0),(120,258.55760398657,-23.373685175619,2,0),(121,258.55760398657,-31.317198284899,2,0),(122,248.78432409022,-88.673013979676,2,0),(123,241.45500013887,-88.713959923538,2,0),(124,206.97851540684,-88.713959923538,2,0),(125,178.62486707806,-88.711691450194,2,0),(126,170.866688241,-88.711691450194,2,0),(127,125.27652363363,-92.291322359307,2,0),(128,122.19958640381,-79.821096067329,2,0),(129,59.346427934711,-88.831048864502,2,0),(130,53.57304985013,-82.156860014952,2,0),(131,12.135754661512,-88.749156976777,2,0),(132,1.4898092573215,-88.831048864502,2,0),(133,257.44808269986,-59.344599234065,2,0),(134,253.02592076273,-59.303653290203,2,0),(135,73.370352582467,-85.541780442058,2,0),(136,73.370352582467,-89.009508176193,2,0),(137,25.881667573274,-85.58301191518,2,0),(138,25.910439996116,-81.793507894597,2,0),(139,-42.757517986833,-83.538032364687,2,0),(140,-56.259132604981,-83.671871593804,2,0),(141,-86.952407840053,-83.652776058204,2,0),(142,-94.061425479082,-83.553409848904,2,0),(143,-114.27721173023,-83.51623480944,2,0),(144,-132.71726343526,-83.51623480944,2,0),(145,-150.82204147292,-83.473045529577,2,0),(146,-158.19806215494,-83.466998682105,2,0),(147,-181.16430836938,-83.568957641363,2,0),(148,-188.87560271876,-83.485139224522,2,0),(149,-198.68840433663,-83.497232919467,2,0),(150,-198.766175906,-92.453709826513,2,0),(151,-217.9605933626,-92.537528243354,2,0),(152,-198.59853907232,-76.025300125669,2,0),(153,-198.49763936884,-64.039266517401,2,0),(154,-203.29976593061,-83.389846910161,2,0),(155,-193.45549909121,-76.048658174341,2,0),(156,-199.05369029055,-97.14428110842,2,0),(157,-188.74482600884,-88.405641187507,2,0),(158,-181.30332795119,-78.506400652098,2,0),(159,-150.78635885238,-89.156618055711,2,0),(160,-158.16916505142,-76.829098367603,2,0),(161,-162.60675563626,-76.917727262252,2,0),(162,-158.2374356758,-72.254966534,2,0),(163,-163.52565365703,-72.212564996654,2,1),(164,-158.10089442703,-70.138577178154,2,0),(165,-132.69464339111,-88.542182436271,2,0),(166,-114.32984543232,-89.156618055711,2,0),(167,-94.097583573377,-70.011429212343,2,0),(168,-87.021595679467,-88.8152649338,2,0),(169,-56.163273458744,-88.8152649338,2,0),(170,-42.850501704228,-89.020076806946,2,0),(171,-42.645689831082,-78.984295022773,2,0),(172,-30.220436193534,-83.600071937248,2,0),(173,-29.990911227374,-79.003838846348,2,0),(174,1.5211200605035,-59.811834435023,2,0),(175,-17.540684489872,-59.796150030111,2,0),(176,-17.540684489872,-52.355981707555,2,0),(177,-12.991525756224,-52.310024712935,2,0),(178,-17.566987324923,-47.302625768181,2,0),(179,-22.822495667251,-47.326269133039,2,0),(180,-17.520365462754,-45.141609152811,2,0),(181,-13.469420126898,-45.073338528429,2,0),(182,-17.519035727658,-29.32447305837,2,0),(183,-13.264608253752,-29.302824296156,2,0),(184,-17.499381568089,-17.56027690243,2,0),(185,-22.549413169722,-17.56027690243,2,0),(186,-17.521276131145,2.941894306875,2,0),(187,-22.48114254534,2.9209104122098,2,0),(188,-17.524781445144,44.019826290253,2,0),(189,-22.549413169722,43.883285041489,2,0),(190,-17.497386965444,53.85079620128,2,0),(191,-17.544008827613,56.922974298476,2,0),(192,-17.568317060019,64.408434748104,2,0),(193,-27.37098953335,56.945952795786,2,0),(194,-27.328356876471,64.569284229275,2,0),(195,-35.289717094128,56.991909790406,2,0),(196,-35.316019929181,64.501013604892,2,0),(197,-40.231504884694,56.991244922858,2,0),(198,-44.464948463934,57.016218022813,2,0),(199,-49.425060678972,57.014888287716,2,0),(200,-40.163234260312,64.774096102421,2,1),(201,-44.464283596386,64.842366726803,2,1),(202,43.429847642452,53.748657332153,2,0),(203,43.479318269059,58.537441893401,2,0),(204,53.732154321004,53.785414721925,2,0),(205,53.745165425712,59.004071309613,2,0),(206,67.732596107382,53.781582550031,2,0),(207,67.751631666899,59.118409809541,2,0),(208,88.495788627167,53.813044279989,2,0),(209,88.561238653806,58.832563559721,2,0),(210,107.14124489211,53.85883881285,2,0),(211,107.08407564215,48.713606316088,2,0),(212,117.81094243255,53.892462441853,2,0),(213,117.83189463539,48.942283315944,2,0),(214,122.83485236177,53.842277259502,2,0),(215,122.91995788219,58.603886559865,2,0),(216,-214.08947986682,-33.179655996575,3,1),(217,54.593468553516,-4.3888035178359,3,1),(218,-46.593860237159,-34.868327012246,3,1),(219,228.62820466066,-56.293555261162,3,1),(220,219.06715774894,77.877772393754,3,1),(221,219.09197123306,84.126782316725,3,1),(222,54.69479694495,11.193946006445,3,1),(223,-86.810660146035,102.10341898194,3,1),(228,-68.674020789864,-50.440922326954,4,1),(229,72.466486270759,50.095296964427,4,1),(230,-208.58646455259,-33.186005834216,3,0),(231,-208.58646455259,-28.753026380207,3,0),(232,-208.64163732663,-42.119761128237,3,0),(233,-221.10768722093,-42.129736311604,3,0),(234,-221.1854587903,-47.184888320562,3,0),(235,-228.88484415779,-42.051964742235,3,0),(236,-228.96261572716,-47.340431459299,3,0),(237,-228.88484415779,-37.852299996331,3,0),(238,-98.73471659597,-33.325708852549,3,0),(239,-98.741563013954,-43.657159292046,3,0),(240,-123.99564259913,-43.701435246808,3,0),(241,-131.76529581363,-43.696547966941,3,0),(242,-124.03116594188,-50.29465538039,3,0),(243,-98.728148460215,-50.29465538039,3,0),(244,-89.432420384745,-43.63858483401,3,0),(245,-89.466289231077,-50.390138465226,3,0),(246,-60.916846864971,-43.712445980831,3,0),(247,-60.821363780135,-50.390138465226,3,0),(248,-43.107625755199,-43.727944464688,3,0),(249,-42.966026915714,-34.635429467208,3,0),(250,-35.518346298469,-43.80180561151,3,0),(251,-35.709312468142,-63.089388748478,3,0),(252,0.50530491225016,-63.032699621961,3,0),(253,0.54875165054629,-58.855931900131,3,0),(254,50.01904337758,-63.227478431081,3,0),(255,53.355545790113,-63.273347145907,3,0),(256,53.41866058157,-58.504247361787,3,0),(257,50.01904337758,-68.116958076518,3,0),(258,61.272948604582,-63.243947983941,3,0),(259,61.272948604583,-68.351414435414,3,0),(260,73.581907446617,-63.193374539705,3,0),(261,73.699135626065,-68.351414435414,3,0),(262,77.098752830055,-62.958918180809,3,0),(263,77.098752830055,-58.621475541235,3,0),(264,87.414832621475,-63.076146360257,3,0),(265,87.64928898037,-58.621475541235,3,0),(266,108.52436417757,-62.923102645806,3,0),(267,108.5159049221,-59.090388259026,3,0),(268,143.94056020999,-62.819944906749,3,0),(269,143.80158693594,-58.621475541235,3,0),(270,163.73037744209,-62.841690001361,3,0),(271,209.44936742679,-62.841690001361,3,0),(272,209.68382378568,-58.738703720683,3,0),(273,215.89691729642,-62.841690001361,3,0),(274,216.48305819366,-68.116958076518,3,0),(275,216.13137365532,-56.394140131724,3,0),(276,216.24860183477,-52.408382030493,3,0),(277,224.99549707926,-56.410229527975,3,0),(278,224.9383278293,-41.4318860374,3,0),(279,-42.950338734437,-14.915624983642,3,0),(280,-65.986060540805,-14.900435902765,3,0),(281,-66.007851961882,-6.7859315200256,3,0),(282,-61.404669004727,-6.6997580359606,3,0),(283,-65.971863660168,11.396673617672,3,0),(284,-70.797578767803,11.310500133607,3,0),(285,-65.849701874389,18.032031890671,3,0),(286,-61.663189456922,18.032031890671,3,0),(287,-65.893284716541,34.060299926745,3,0),(288,-70.711405283738,34.14647341081,3,0),(289,-65.83508427134,79.757030566978,3,0),(290,-70.797578767803,79.732246481152,3,0),(291,-65.824015369701,91.550405840958,3,0),(292,-64.248393978869,101.87883188584,3,0),(293,-64.308880958246,94.758289130308,3,0),(294,-65.871472816166,94.762894223011,3,0),(295,-72.137769405035,94.771583592083,3,0),(296,-79.113509751853,94.761281795057,3,0),(297,-86.842027833939,94.811466977409,3,0),(298,-79.141384805664,102.09055469926,3,0),(299,-71.97296924554,102.22709594802,3,0),(300,-41.933894517402,91.576878544412,3,0),(301,-41.932564782306,96.082739753633,3,0),(302,-31.351947738172,91.55456491465,3,0),(303,-31.374926235482,96.62890474869,3,0),(304,6.060354423236,91.582461568441,3,0),(305,6.060354423236,96.560634124308,3,0),(306,19.987561797191,91.563396879429,3,0),(307,19.919291172809,96.62890474869,3,0),(308,28.720690901334,91.528966190297,3,0),(309,28.726201718104,96.62890474869,3,0),(310,38.520280908555,91.528966190297,3,0),(311,38.557171629131,96.424092875544,3,0),(312,49.201878215973,91.492075469722,3,0),(313,49.207389032743,87.139287959574,3,0),(314,60.678571914539,91.502248271307,3,0),(315,60.709951818345,96.234964620752,3,0),(316,51.261894860192,-4.3848631404899,3,0),(317,51.261894860192,2.0341222397187,3,0),(318,51.409457742496,8.7482333845346,3,0),(319,51.37256702192,11.256802383697,3,0),(320,48.016490193088,8.7239419645088,3,0),(321,45.604797656823,2.0202542365869,3,0),(322,45.563921512141,-1.1272089039618,3,0),(323,39.432499809773,2.0531595330563,3,0),(324,39.391623665091,-1.4542180614214,3,0),(325,36.285036669225,2.0412032607367,3,0),(326,51.297981331855,14.347191019647,3,0),(327,225.62122025491,77.829819617058,3,0),(328,231.4499541059,77.792928896483,3,0),(329,225.58432953433,84.101242114963,3,0),(330,225.58432953433,87.273844084492,3,0),(331,65.239067421133,50.109491344866,4,0),(333,65.30936594666,40.863493898563,4,0),(334,35.338829925917,50.147612264197,4,0),(335,35.280931556804,44.371970768856,4,0),(336,35.332526804896,40.81189865047,4,0),(337,31.964131151365,44.364747906882,4,0),(338,32.170512143735,50.151156162357,4,0),(339,-71.86680160782,-50.428915191893,4,0),(340,-71.86680160782,-35.594213021183,4,0),(341,-77.750252893654,-35.594213021183,4,0),(342,-84.521355803829,-35.552188369142,4,0),(343,-88.036024780932,-35.552188369142,4,0),(344,-84.516221872363,-39.880727529434,4,0),(345,-77.750252893654,-39.922752181475,4,0),(346,-71.908826259862,-16.641094950389,4,0),(347,-71.805635763677,1.4688371300909,4,0),(348,-71.857231011769,17.979316519702,4,0),(349,-71.857231011769,25.46062749312,4,0),(350,-75.262517385877,17.876126023517,4,0),(351,-75.623684122524,1.4172418819984,4,0),(352,-75.468898378247,-16.641094950389,4,0),(353,121.18891896482,-85.539895698246,2,0);
/*!40000 ALTER TABLE `nodes` ENABLE KEYS */;
UNLOCK TABLES;
/*!40103 SET TIME_ZONE=@OLD_TIME_ZONE */;

/*!40101 SET SQL_MODE=@OLD_SQL_MODE */;
/*!40014 SET FOREIGN_KEY_CHECKS=@OLD_FOREIGN_KEY_CHECKS */;
/*!40014 SET UNIQUE_CHECKS=@OLD_UNIQUE_CHECKS */;
/*!40101 SET CHARACTER_SET_CLIENT=@OLD_CHARACTER_SET_CLIENT */;
/*!40101 SET CHARACTER_SET_RESULTS=@OLD_CHARACTER_SET_RESULTS */;
/*!40101 SET COLLATION_CONNECTION=@OLD_COLLATION_CONNECTION */;
/*!40111 SET SQL_NOTES=@OLD_SQL_NOTES */;

-- Dump completed on 2022-04-05  2:21:59